{"score_train": 0.975098693699135, "score_test": 0.9651049634055048, "time_train": 0.3440120220184326, "timestamp": "20240424-16:23:27"}