{"score_train": 0.9742715032451519, "score_test": 0.9751214241935027, "time_train": 0.34203100204467773, "timestamp": "20240422-06:02:44"}