{"score_train": 0.9744558203165227, "score_test": 0.9714647452269063, "time_train": 0.3453238010406494, "timestamp": "20240424-16:20:33"}