{"score_train": 0.9743061027503126, "score_test": 0.9651222630250763, "time_train": 0.3453516960144043, "timestamp": "20240425-01:44:49"}