{"score_train": 0.9750906360289048, "score_test": 0.9673740098968386, "time_train": 0.34165382385253906, "timestamp": "20240422-21:08:22"}