{"score_train": 0.9750319001255445, "score_test": 0.9671482588891189, "time_train": 0.5127763748168945, "timestamp": "20240422-15:17:32"}