{"score_train": 0.9778050666174317, "score_test": 0.955354691438174, "time_train": 0.3492858409881592, "timestamp": "20240422-05:58:09"}