{"score_train": 0.9756309336958688, "score_test": 0.9650538606881481, "time_train": 0.342970609664917, "timestamp": "20240422-18:23:20"}